material_id,cif_path,target
mp-1184276,../cifs_all/mp_1184276.cif,-0.075069464
mp-554793,../cifs_all/mp_554793.cif,-1.709524903
mp-1234264,../cifs_all/mp_1234264.cif,-2.010220641
mp-1040392,../cifs_all/mp_1040392.cif,-2.92175121
mp-1073061,../cifs_all/mp_1073061.cif,0.2048459395
mp-611517,../cifs_all/mp_611517.cif,0.0057807
mp-1273342,../cifs_all/mp_1273342.cif,-1.588930115
mp-1217492,../cifs_all/mp_1217492.cif,-0.054538289
mp-1222495,../cifs_all/mp_1222495.cif,-0.075670953
mp-1025836,../cifs_all/mp_1025836.cif,-0.461567781
mp-1110722,../cifs_all/mp_1110722.cif,-0.831397474
mp-573523,../cifs_all/mp_573523.cif,-0.769955628
mp-561346,../cifs_all/mp_561346.cif,-2.686143879
mp-1204081,../cifs_all/mp_1204081.cif,-0.314149938
mp-672681,../cifs_all/mp_672681.cif,-0.129359108
mp-1112931,../cifs_all/mp_1112931.cif,-1.456071033
mp-733655,../cifs_all/mp_733655.cif,-1.756798743
mp-2714728,../cifs_all/mp_2714728.cif,-3.098881072
mp-1183832,../cifs_all/mp_1183832.cif,-1.254651696
mp-863397,../cifs_all/mp_863397.cif,-2.521807284
mp-1223356,../cifs_all/mp_1223356.cif,-3.413475927
mp-1034352,../cifs_all/mp_1034352.cif,-2.549920995
mp-2713709,../cifs_all/mp_2713709.cif,-2.354905516
mp-1111588,../cifs_all/mp_1111588.cif,-1.5766262
mp-1175425,../cifs_all/mp_1175425.cif,-1.831098048
mp-1020709,../cifs_all/mp_1020709.cif,-2.724728475
mp-850757,../cifs_all/mp_850757.cif,-2.360643232
mp-676083,../cifs_all/mp_676083.cif,-1.865142462
mp-676049,../cifs_all/mp_676049.cif,-3.226841656
mp-505262,../cifs_all/mp_505262.cif,-2.243116856
mp-1223432,../cifs_all/mp_1223432.cif,-2.654021139
mp-756230,../cifs_all/mp_756230.cif,-2.067485309
mp-1198276,../cifs_all/mp_1198276.cif,-0.547257122
mp-2218666,../cifs_all/mp_2218666.cif,-1.555719457
mp-744002,../cifs_all/mp_744002.cif,-0.738497132
mp-1194448,../cifs_all/mp_1194448.cif,-1.300489905
mp-28352,../cifs_all/mp_28352.cif,-1.00502849
mp-1188839,../cifs_all/mp_1188839.cif,-0.561880037
mp-1262001,../cifs_all/mp_1262001.cif,-2.326478675
mp-1079468,../cifs_all/mp_1079468.cif,-0.434689381
mp-1384267,../cifs_all/mp_1384267.cif,-1.787116491
mp-1033087,../cifs_all/mp_1033087.cif,-2.759277975
mp-556172,../cifs_all/mp_556172.cif,-1.850195486
mp-1217442,../cifs_all/mp_1217442.cif,-0.422199258
mp-1077883,../cifs_all/mp_1077883.cif,-0.611078534
mp-779589,../cifs_all/mp_779589.cif,-1.911522471
mp-777676,../cifs_all/mp_777676.cif,-2.994653915
mp-1209721,../cifs_all/mp_1209721.cif,0.086873253
mp-1198129,../cifs_all/mp_1198129.cif,-3.002844181
mp-1194395,../cifs_all/mp_1194395.cif,-2.145341066
mp-900,../cifs_all/mp_900.cif,-0.313847861
mp-2230104,../cifs_all/mp_2230104.cif,-1.447737265
mp-12985,../cifs_all/mp_12985.cif,-0.326398787
mp-821,../cifs_all/mp_821.cif,-2.895263834
mp-1096347,../cifs_all/mp_1096347.cif,4.480128409587636
mp-1213888,../cifs_all/mp_1213888.cif,-2.42123987
mp-1183490,../cifs_all/mp_1183490.cif,-0.556925217
mp-568,../cifs_all/mp_568.cif,-0.408970596
mp-1235576,../cifs_all/mp_1235576.cif,-3.100772242
mp-30821,../cifs_all/mp_30821.cif,-0.761717972
mp-1043347,../cifs_all/mp_1043347.cif,-1.776998608
mp-532334,../cifs_all/mp_532334.cif,-2.169498392
mp-1233412,../cifs_all/mp_1233412.cif,-2.886062261
mp-754224,../cifs_all/mp_754224.cif,-1.971224267
mp-770865,../cifs_all/mp_770865.cif,-1.792503463
mp-1041202,../cifs_all/mp_1041202.cif,-2.739009411
mp-732039,../cifs_all/mp_732039.cif,-0.950299278
mp-1208611,../cifs_all/mp_1208611.cif,-0.152467711
mp-1225861,../cifs_all/mp_1225861.cif,-0.627108849
mp-1190569,../cifs_all/mp_1190569.cif,-1.86270976
mp-1195478,../cifs_all/mp_1195478.cif,-1.251116915
mp-1189325,../cifs_all/mp_1189325.cif,-2.793631043
mp-1214033,../cifs_all/mp_1214033.cif,-0.457959837
mp-2231549,../cifs_all/mp_2231549.cif,-3.236228595
mp-1222030,../cifs_all/mp_1222030.cif,-1.903193429
mp-720570,../cifs_all/mp_720570.cif,-1.539804418
mp-1194267,../cifs_all/mp_1194267.cif,-1.101937984
mp-1186306,../cifs_all/mp_1186306.cif,-0.614731419
mp-1520390,../cifs_all/mp_1520390.cif,-3.002975985
mp-28691,../cifs_all/mp_28691.cif,-0.626391921
mp-25436,../cifs_all/mp_25436.cif,-3.162325139
mp-1215832,../cifs_all/mp_1215832.cif,-1.040941617
mp-675383,../cifs_all/mp_675383.cif,-1.108653608
mp-1220250,../cifs_all/mp_1220250.cif,-1.664530002
mp-1048023,../cifs_all/mp_1048023.cif,-1.900669456
mp-1044241,../cifs_all/mp_1044241.cif,-2.599038342
mp-28235,../cifs_all/mp_28235.cif,-0.830282261
mp-821906,../cifs_all/mp_821906.cif,-1.152650726
mp-1185106,../cifs_all/mp_1185106.cif,-0.437424731
mp-1207027,../cifs_all/mp_1207027.cif,-0.518469651
mp-1223199,../cifs_all/mp_1223199.cif,-2.903995116
mp-1220500,../cifs_all/mp_1220500.cif,-0.428020142
mp-606102,../cifs_all/mp_606102.cif,-0.461575637
mp-1189454,../cifs_all/mp_1189454.cif,0.041705417
mp-10098,../cifs_all/mp_10098.cif,-0.929752047
mp-581734,../cifs_all/mp_581734.cif,-0.005381588
mp-759634,../cifs_all/mp_759634.cif,-2.423118397
mp-1233188,../cifs_all/mp_1233188.cif,-2.419585694
mp-31052,../cifs_all/mp_31052.cif,-1.024922697
mp-1521039,../cifs_all/mp_1521039.cif,-2.110259415
mp-1214543,../cifs_all/mp_1214543.cif,-2.090856393
mp-780436,../cifs_all/mp_780436.cif,-2.439039663
mp-754956,../cifs_all/mp_754956.cif,-1.695352632
mp-1040927,../cifs_all/mp_1040927.cif,-2.458064957
mp-1274143,../cifs_all/mp_1274143.cif,-2.659525187
mp-1097517,../cifs_all/mp_1097517.cif,3.527619370833324
mp-505731,../cifs_all/mp_505731.cif,-2.9284782
mp-1047380,../cifs_all/mp_1047380.cif,-1.694635299
mp-1248478,../cifs_all/mp_1248478.cif,-2.090569429
mp-1077901,../cifs_all/mp_1077901.cif,-0.497913288
mp-23307,../cifs_all/mp_23307.cif,-1.370875041
mp-752659,../cifs_all/mp_752659.cif,-2.5276553
mp-542269,../cifs_all/mp_542269.cif,-1.558164866
mp-2715363,../cifs_all/mp_2715363.cif,-2.805282594
mp-1581389,../cifs_all/mp_1581389.cif,-2.435835594
mp-756690,../cifs_all/mp_756690.cif,-2.123101838
mp-39123,../cifs_all/mp_39123.cif,-3.129091417
mp-2714333,../cifs_all/mp_2714333.cif,-2.539651278
mp-559561,../cifs_all/mp_559561.cif,-2.092612203
mp-1176231,../cifs_all/mp_1176231.cif,-1.644678114
mp-2217622,../cifs_all/mp_2217622.cif,-2.434319427
mp-1218134,../cifs_all/mp_1218134.cif,-0.438979171
mp-1204919,../cifs_all/mp_1204919.cif,-1.877024349
mp-1187047,../cifs_all/mp_1187047.cif,0.218814791875001
mp-15659,../cifs_all/mp_15659.cif,-0.397662213
mp-1100576,../cifs_all/mp_1100576.cif,-1.802333099
mp-26046,../cifs_all/mp_26046.cif,-2.456908505
mp-557676,../cifs_all/mp_557676.cif,-2.094604356
mp-866604,../cifs_all/mp_866604.cif,-1.644854508
mp-1192852,../cifs_all/mp_1192852.cif,-1.085329593
mp-9086,../cifs_all/mp_9086.cif,-2.119147308
mp-1185832,../cifs_all/mp_1185832.cif,0.010349071
mp-557222,../cifs_all/mp_557222.cif,-2.63312374
mp-32017,../cifs_all/mp_32017.cif,-2.499530642
mp-23002,../cifs_all/mp_23002.cif,-2.538047888
mp-1186490,../cifs_all/mp_1186490.cif,0.033130765624996
mp-1225492,../cifs_all/mp_1225492.cif,-0.840433429
mp-1237219,../cifs_all/mp_1237219.cif,0.8083879743181811
mp-1235363,../cifs_all/mp_1235363.cif,-2.540515866
mp-1206224,../cifs_all/mp_1206224.cif,0.307121032
mp-1222428,../cifs_all/mp_1222428.cif,-0.083923061
mp-867287,../cifs_all/mp_867287.cif,-0.458102387
mp-1102532,../cifs_all/mp_1102532.cif,-0.608416191
mp-1048819,../cifs_all/mp_1048819.cif,-3.252699352
mp-1200199,../cifs_all/mp_1200199.cif,-1.558878781
mp-1200798,../cifs_all/mp_1200798.cif,0.5661422458333331
mp-1184731,../cifs_all/mp_1184731.cif,0.48312081
mp-1314,../cifs_all/mp_1314.cif,-0.216651247
mp-30014,../cifs_all/mp_30014.cif,-1.271164482
mp-989538,../cifs_all/mp_989538.cif,-2.682546415
mp-2215029,../cifs_all/mp_2215029.cif,-2.630440098
mp-622619,../cifs_all/mp_622619.cif,-2.566959403
mp-1216456,../cifs_all/mp_1216456.cif,-0.540444154
mp-1104966,../cifs_all/mp_1104966.cif,-1.116812281
mp-504341,../cifs_all/mp_504341.cif,-2.358650417
mp-1235131,../cifs_all/mp_1235131.cif,-1.235517357
mp-505764,../cifs_all/mp_505764.cif,-0.170533496
mp-975333,../cifs_all/mp_975333.cif,-1.64956767
mp-1238725,../cifs_all/mp_1238725.cif,-0.320965318
mp-559445,../cifs_all/mp_559445.cif,-1.98378805
mp-1179783,../cifs_all/mp_1179783.cif,-0.378921333
mp-20811,../cifs_all/mp_20811.cif,-0.367630389
mp-541507,../cifs_all/mp_541507.cif,-2.949311435
mp-1233782,../cifs_all/mp_1233782.cif,-1.462664991
mp-770586,../cifs_all/mp_770586.cif,-2.536767939
mp-1277669,../cifs_all/mp_1277669.cif,-2.05288342
mp-2227401,../cifs_all/mp_2227401.cif,-1.670584977
mp-1208697,../cifs_all/mp_1208697.cif,-3.245354003
mp-667281,../cifs_all/mp_667281.cif,-0.518660343
mp-1391284,../cifs_all/mp_1391284.cif,0.5301849966299941
mp-1211014,../cifs_all/mp_1211014.cif,-1.229233898
mp-1221143,../cifs_all/mp_1221143.cif,-0.561244037
mp-1097567,../cifs_all/mp_1097567.cif,1.643656207916663
mp-1021345,../cifs_all/mp_1021345.cif,0.18404436534375
mp-21175,../cifs_all/mp_21175.cif,-0.357744934
mp-753800,../cifs_all/mp_753800.cif,-3.28145171
mp-1220619,../cifs_all/mp_1220619.cif,-0.959881804
mp-1196180,../cifs_all/mp_1196180.cif,-1.563238074
mp-25275,../cifs_all/mp_25275.cif,-1.74647736
mp-1200030,../cifs_all/mp_1200030.cif,-0.438152802
mp-1080000,../cifs_all/mp_1080000.cif,-0.171117362
mp-6609,../cifs_all/mp_6609.cif,-2.855974535
mp-1228276,../cifs_all/mp_1228276.cif,-2.297858506
mp-1040009,../cifs_all/mp_1040009.cif,-2.927246881
mp-1223222,../cifs_all/mp_1223222.cif,-1.357991821
mp-1224421,../cifs_all/mp_1224421.cif,-0.188966554
mp-768098,../cifs_all/mp_768098.cif,-1.956367427
mp-1247511,../cifs_all/mp_1247511.cif,-0.025898084
mp-1223268,../cifs_all/mp_1223268.cif,-3.147731424
mp-770734,../cifs_all/mp_770734.cif,-2.405784621
mp-1042672,../cifs_all/mp_1042672.cif,-0.983147559
mp-1018829,../cifs_all/mp_1018829.cif,-0.940631699
mp-1097250,../cifs_all/mp_1097250.cif,1.7140332649999972
mp-629015,../cifs_all/mp_629015.cif,-1.411233568
mp-27045,../cifs_all/mp_27045.cif,-2.368133793
mp-2229444,../cifs_all/mp_2229444.cif,-0.67960655
mp-1217467,../cifs_all/mp_1217467.cif,0.007760677
mp-1095852,../cifs_all/mp_1095852.cif,1.725634576249994
mp-1033419,../cifs_all/mp_1033419.cif,-2.464339001
mp-1220876,../cifs_all/mp_1220876.cif,-0.574946764
mp-1229284,../cifs_all/mp_1229284.cif,-3.054712266
mp-1026837,../cifs_all/mp_1026837.cif,0.039334046
mp-753645,../cifs_all/mp_753645.cif,-1.981151318
mp-774789,../cifs_all/mp_774789.cif,-2.186654531
mp-1185918,../cifs_all/mp_1185918.cif,0.040361640277779
mp-1233088,../cifs_all/mp_1233088.cif,-3.222728735
mp-805196,../cifs_all/mp_805196.cif,2.941064529259259
mp-2226807,../cifs_all/mp_2226807.cif,-0.999969062
mp-1224423,../cifs_all/mp_1224423.cif,-0.916758485
mp-729560,../cifs_all/mp_729560.cif,-3.389378454
mp-28473,../cifs_all/mp_28473.cif,-1.456434277
mp-16343,../cifs_all/mp_16343.cif,-0.224599848
mp-1228806,../cifs_all/mp_1228806.cif,-0.014394015
mp-2016042,../cifs_all/mp_2016042.cif,-0.049801352
mp-2231362,../cifs_all/mp_2231362.cif,-2.309570528
mp-1211023,../cifs_all/mp_1211023.cif,0.233860831170599
mp-757206,../cifs_all/mp_757206.cif,-3.473723414
mp-863732,../cifs_all/mp_863732.cif,-0.966914661
mp-753531,../cifs_all/mp_753531.cif,-3.101722933
mp-760343,../cifs_all/mp_760343.cif,-2.334121709
mp-1097450,../cifs_all/mp_1097450.cif,1.786825638
mp-21073,../cifs_all/mp_21073.cif,-0.938101755
mp-1105619,../cifs_all/mp_1105619.cif,-0.197628967
mp-684726,../cifs_all/mp_684726.cif,-2.318870057
mp-1198929,../cifs_all/mp_1198929.cif,-0.673356019
mp-1220856,../cifs_all/mp_1220856.cif,-3.052228109
mp-1219709,../cifs_all/mp_1219709.cif,0.01278654
mp-605088,../cifs_all/mp_605088.cif,-0.12458932
mp-755979,../cifs_all/mp_755979.cif,-2.027907528
mp-1104605,../cifs_all/mp_1104605.cif,-0.59095794
mp-865585,../cifs_all/mp_865585.cif,-0.364228589
mp-1028828,../cifs_all/mp_1028828.cif,-0.357990979
mp-1095367,../cifs_all/mp_1095367.cif,-1.399096872
mp-1094909,../cifs_all/mp_1094909.cif,-0.064602747
mp-2217119,../cifs_all/mp_2217119.cif,-1.616009942
mp-2230714,../cifs_all/mp_2230714.cif,-2.3954912
mp-30013,../cifs_all/mp_30013.cif,-1.267824519
mp-865622,../cifs_all/mp_865622.cif,-0.271620682
mp-26811,../cifs_all/mp_26811.cif,-2.511283424
mp-1224989,../cifs_all/mp_1224989.cif,-0.436299421
mp-1215637,../cifs_all/mp_1215637.cif,-0.276619013
mp-1226160,../cifs_all/mp_1226160.cif,-0.947547189
mp-1214483,../cifs_all/mp_1214483.cif,-1.530018532
mp-1217404,../cifs_all/mp_1217404.cif,-1.959103424
mp-774833,../cifs_all/mp_774833.cif,-2.415079314
mp-1220386,../cifs_all/mp_1220386.cif,-0.886322364
mp-1225756,../cifs_all/mp_1225756.cif,-1.091432715
mp-1110665,../cifs_all/mp_1110665.cif,-2.863375207
mp-1198615,../cifs_all/mp_1198615.cif,-0.589636245
mp-757950,../cifs_all/mp_757950.cif,-1.705213456
mp-755121,../cifs_all/mp_755121.cif,-2.278633165
mp-1194843,../cifs_all/mp_1194843.cif,-2.287483782
mp-865046,../cifs_all/mp_865046.cif,-0.860604424
mp-755021,../cifs_all/mp_755021.cif,-2.128877294
mp-2901572,../cifs_all/mp_2901572.cif,-2.746611116
mp-1181665,../cifs_all/mp_1181665.cif,0.114199229
mp-768828,../cifs_all/mp_768828.cif,-2.054959044
mp-1038248,../cifs_all/mp_1038248.cif,-2.946069554
mp-13000,../cifs_all/mp_13000.cif,-3.59033972
mp-1096853,../cifs_all/mp_1096853.cif,0.049900824
mp-1177164,../cifs_all/mp_1177164.cif,-2.182523702
mp-10851,../cifs_all/mp_10851.cif,-3.263757991
mp-676296,../cifs_all/mp_676296.cif,-2.12140275
mp-1022108,../cifs_all/mp_1022108.cif,0.162535836
mp-867530,../cifs_all/mp_867530.cif,-2.540496428
mp-726892,../cifs_all/mp_726892.cif,-3.04589497
mp-10049,../cifs_all/mp_10049.cif,-0.206449855
mp-2218846,../cifs_all/mp_2218846.cif,-1.527834997
mp-753477,../cifs_all/mp_753477.cif,-1.114201416
mp-580226,../cifs_all/mp_580226.cif,-0.131382815
mp-1111196,../cifs_all/mp_1111196.cif,-1.649728587
mp-1233970,../cifs_all/mp_1233970.cif,-2.487971049
mp-1545,../cifs_all/mp_1545.cif,-0.254731762
mp-1206273,../cifs_all/mp_1206273.cif,-3.307360321
mp-1046891,../cifs_all/mp_1046891.cif,-1.489554819
mp-1187903,../cifs_all/mp_1187903.cif,0.363909365
mp-768091,../cifs_all/mp_768091.cif,-1.415114649
mp-985585,../cifs_all/mp_985585.cif,-2.064159397
mp-1234478,../cifs_all/mp_1234478.cif,-2.432534253
mp-17666,../cifs_all/mp_17666.cif,-3.091886021
mp-1227046,../cifs_all/mp_1227046.cif,-0.712450352
mp-1041087,../cifs_all/mp_1041087.cif,-2.537921995
mp-1176130,../cifs_all/mp_1176130.cif,-1.642789344
mp-1235111,../cifs_all/mp_1235111.cif,-2.549798502
mp-1045647,../cifs_all/mp_1045647.cif,-1.152216323
mp-1200083,../cifs_all/mp_1200083.cif,-1.84313607
mp-685014,../cifs_all/mp_685014.cif,-1.068962765
mp-865594,../cifs_all/mp_865594.cif,-0.558921177
mp-980664,../cifs_all/mp_980664.cif,-0.362708327
mp-989195,../cifs_all/mp_989195.cif,-3.278720272
mp-2714294,../cifs_all/mp_2714294.cif,-2.151795145
mp-7241,../cifs_all/mp_7241.cif,-0.871658871
mp-773137,../cifs_all/mp_773137.cif,-0.856628366
mp-2716310,../cifs_all/mp_2716310.cif,-2.739696932
mp-755621,../cifs_all/mp_755621.cif,-2.830418718
mp-1518500,../cifs_all/mp_1518500.cif,-2.753398692
mp-755927,../cifs_all/mp_755927.cif,-2.047400215
mp-555184,../cifs_all/mp_555184.cif,-3.510568672
mp-1096323,../cifs_all/mp_1096323.cif,2.658460956
mp-1191878,../cifs_all/mp_1191878.cif,-2.649039712
mp-1237078,../cifs_all/mp_1237078.cif,-1.518456078
mp-1112525,../cifs_all/mp_1112525.cif,-2.184768014
mp-6938,../cifs_all/mp_6938.cif,-0.425310993
mp-1180348,../cifs_all/mp_1180348.cif,-1.62412785
mp-562387,../cifs_all/mp_562387.cif,-2.503490972
mp-754197,../cifs_all/mp_754197.cif,-3.045869969
mp-1070601,../cifs_all/mp_1070601.cif,-2.97675776
mp-757482,../cifs_all/mp_757482.cif,-2.934172452
mp-2228623,../cifs_all/mp_2228623.cif,-1.906440486
mp-1186806,../cifs_all/mp_1186806.cif,0.064517497
mp-684911,../cifs_all/mp_684911.cif,-1.663962816
mp-1225037,../cifs_all/mp_1225037.cif,-0.593642698
mp-1044230,../cifs_all/mp_1044230.cif,-1.679715694
mp-1073672,../cifs_all/mp_1073672.cif,0.190394992499999
mp-581510,../cifs_all/mp_581510.cif,-0.189479654
mp-1023295,../cifs_all/mp_1023295.cif,0.092522731
mp-1104739,../cifs_all/mp_1104739.cif,-0.320484408
mp-13024,../cifs_all/mp_13024.cif,-3.013919694
mp-1190300,../cifs_all/mp_1190300.cif,-0.397168906
mp-558884,../cifs_all/mp_558884.cif,-1.343390895
mp-1196548,../cifs_all/mp_1196548.cif,-0.888537011
mp-850743,../cifs_all/mp_850743.cif,-2.353497702
mp-1264059,../cifs_all/mp_1264059.cif,-2.900695478
mp-753948,../cifs_all/mp_753948.cif,-3.527339722
mp-1221965,../cifs_all/mp_1221965.cif,-3.345667959
mp-732231,../cifs_all/mp_732231.cif,-2.03408313
mp-1233129,../cifs_all/mp_1233129.cif,-2.715617557
mp-1035219,../cifs_all/mp_1035219.cif,-2.806179349
mp-1113393,../cifs_all/mp_1113393.cif,-1.314688801
mp-1246607,../cifs_all/mp_1246607.cif,-0.582987725
mp-1077996,../cifs_all/mp_1077996.cif,-0.65811842
mp-999178,../cifs_all/mp_999178.cif,-0.206160824
mp-504727,../cifs_all/mp_504727.cif,-2.719750043
mp-2239929,../cifs_all/mp_2239929.cif,-1.03066939
mp-1022079,../cifs_all/mp_1022079.cif,0.026407253749999
mp-560963,../cifs_all/mp_560963.cif,-2.980085378
mp-753036,../cifs_all/mp_753036.cif,-3.022048263
mp-1044935,../cifs_all/mp_1044935.cif,-2.241176756
mp-1183584,../cifs_all/mp_1183584.cif,-0.481732005
mp-531264,../cifs_all/mp_531264.cif,-1.614565022
mp-1190019,../cifs_all/mp_1190019.cif,-0.3836096
mp-1227024,../cifs_all/mp_1227024.cif,-2.685624828
mp-1228204,../cifs_all/mp_1228204.cif,-3.169030267
mp-1206186,../cifs_all/mp_1206186.cif,0.407450850833335
mp-1223850,../cifs_all/mp_1223850.cif,-1.627827802
mp-696992,../cifs_all/mp_696992.cif,-0.528217666
mp-1219226,../cifs_all/mp_1219226.cif,-0.284630617
mp-2310,../cifs_all/mp_2310.cif,-0.841200042
mp-6812,../cifs_all/mp_6812.cif,-3.040540147
mp-756170,../cifs_all/mp_756170.cif,-3.443908983
mp-1217565,../cifs_all/mp_1217565.cif,-0.226249623
mp-1220691,../cifs_all/mp_1220691.cif,-1.201959643
mp-1222218,../cifs_all/mp_1222218.cif,0.057260368
mp-7478,../cifs_all/mp_7478.cif,-3.087397629
mp-2715685,../cifs_all/mp_2715685.cif,-3.021833623
mp-1247037,../cifs_all/mp_1247037.cif,0.024444532105262
mp-3045,../cifs_all/mp_3045.cif,-0.250211945
mp-2224471,../cifs_all/mp_2224471.cif,-2.467143556
mp-2716042,../cifs_all/mp_2716042.cif,-2.504620991
mp-1346852,../cifs_all/mp_1346852.cif,-1.895506083
mp-1176798,../cifs_all/mp_1176798.cif,-1.91958419
mp-1229214,../cifs_all/mp_1229214.cif,-1.982441474
mp-1027274,../cifs_all/mp_1027274.cif,-0.837193738
mp-1021878,../cifs_all/mp_1021878.cif,0.183536306
mp-1209992,../cifs_all/mp_1209992.cif,0.363722724404761
mp-759018,../cifs_all/mp_759018.cif,-2.343077542
mp-1110862,../cifs_all/mp_1110862.cif,-1.945709482
mp-675734,../cifs_all/mp_675734.cif,-0.412492872
mp-780528,../cifs_all/mp_780528.cif,-2.055784866
mp-536,../cifs_all/mp_536.cif,-0.324965814
mp-1208463,../cifs_all/mp_1208463.cif,-0.509928402
mp-762521,../cifs_all/mp_762521.cif,-2.027339646
mp-1210161,../cifs_all/mp_1210161.cif,-2.599620583
mp-30814,../cifs_all/mp_30814.cif,-0.378813906
mp-1223637,../cifs_all/mp_1223637.cif,-0.122108375
mp-755780,../cifs_all/mp_755780.cif,-2.504859032
mp-510366,../cifs_all/mp_510366.cif,-1.405986151
mp-778885,../cifs_all/mp_778885.cif,-1.965165646
mp-567428,../cifs_all/mp_567428.cif,-1.545870864
mp-1206573,../cifs_all/mp_1206573.cif,-0.46345558
mp-2025704,../cifs_all/mp_2025704.cif,-0.105035429
mp-780406,../cifs_all/mp_780406.cif,-3.874866771
mp-1025799,../cifs_all/mp_1025799.cif,-0.744622749
mp-989638,../cifs_all/mp_989638.cif,-0.573330142
mp-2716366,../cifs_all/mp_2716366.cif,-2.378808652
mp-560043,../cifs_all/mp_560043.cif,-2.687857231
mp-8914,../cifs_all/mp_8914.cif,-0.622364493
mp-28402,../cifs_all/mp_28402.cif,-1.565085048
mp-1225208,../cifs_all/mp_1225208.cif,-1.136421748
mp-570816,../cifs_all/mp_570816.cif,-0.463804898
mp-5900,../cifs_all/mp_5900.cif,-4.161155803
mp-1112753,../cifs_all/mp_1112753.cif,-2.491796695
mp-1206560,../cifs_all/mp_1206560.cif,-1.515771785
mp-9225,../cifs_all/mp_9225.cif,-1.167159453
mp-1113831,../cifs_all/mp_1113831.cif,-2.505634963
mp-505333,../cifs_all/mp_505333.cif,-0.857912928
mp-1043356,../cifs_all/mp_1043356.cif,-2.400564772
mp-557258,../cifs_all/mp_557258.cif,-2.050967498
mp-756398,../cifs_all/mp_756398.cif,-1.890699123
mp-1217590,../cifs_all/mp_1217590.cif,-3.735002989
mp-1331972,../cifs_all/mp_1331972.cif,-2.074704111
mp-23871,../cifs_all/mp_23871.cif,-2.486231429
mp-1364503,../cifs_all/mp_1364503.cif,-1.99880889
mp-555541,../cifs_all/mp_555541.cif,-0.855948206
mp-1048275,../cifs_all/mp_1048275.cif,-2.780657777
mp-1199257,../cifs_all/mp_1199257.cif,-2.565107676
mp-1097122,../cifs_all/mp_1097122.cif,2.831964908
mp-754396,../cifs_all/mp_754396.cif,-2.067644052
mp-1017441,../cifs_all/mp_1017441.cif,-1.928895577
mp-1226385,../cifs_all/mp_1226385.cif,-0.029818415
mp-18130,../cifs_all/mp_18130.cif,-3.603361257
mp-759916,../cifs_all/mp_759916.cif,-1.452296501
mp-1208509,../cifs_all/mp_1208509.cif,-2.829180106
mp-1246764,../cifs_all/mp_1246764.cif,0.242692868
mp-1112629,../cifs_all/mp_1112629.cif,-1.522564671
mp-756115,../cifs_all/mp_756115.cif,-1.634829535
mp-1226368,../cifs_all/mp_1226368.cif,-0.816016951
mp-1212994,../cifs_all/mp_1212994.cif,-2.087589261
mp-1029075,../cifs_all/mp_1029075.cif,-0.261607817
mp-1187561,../cifs_all/mp_1187561.cif,-2.672650508
mp-1101913,../cifs_all/mp_1101913.cif,-1.282799294
mp-2121,../cifs_all/mp_2121.cif,-0.479127356
mp-1203862,../cifs_all/mp_1203862.cif,-1.819109942
mp-1188561,../cifs_all/mp_1188561.cif,-0.838340127
mp-1173738,../cifs_all/mp_1173738.cif,-3.244082909
mp-1071862,../cifs_all/mp_1071862.cif,-0.515303285
mp-1199252,../cifs_all/mp_1199252.cif,-1.669845825
mp-759564,../cifs_all/mp_759564.cif,-2.134796888
mp-850747,../cifs_all/mp_850747.cif,-2.248029545
mp-1218055,../cifs_all/mp_1218055.cif,-1.3800096
mp-1112367,../cifs_all/mp_1112367.cif,-2.432212123
mp-11514,../cifs_all/mp_11514.cif,-0.748979197
mp-1018714,../cifs_all/mp_1018714.cif,-0.382586553
mp-1175085,../cifs_all/mp_1175085.cif,-1.855592935
mp-772972,../cifs_all/mp_772972.cif,-3.099892778
mp-673837,../cifs_all/mp_673837.cif,-2.339886762
mp-1245056,../cifs_all/mp_1245056.cif,-3.259874262
mp-1034805,../cifs_all/mp_1034805.cif,-2.775709485
mp-1033386,../cifs_all/mp_1033386.cif,-2.429590071
mp-731683,../cifs_all/mp_731683.cif,-1.377408444
mp-1032067,../cifs_all/mp_1032067.cif,-2.466948079
mp-1182217,../cifs_all/mp_1182217.cif,-0.357036977
mp-1216385,../cifs_all/mp_1216385.cif,-0.540586807
mp-773052,../cifs_all/mp_773052.cif,-3.009539327
mp-1198917,../cifs_all/mp_1198917.cif,-0.523286774
mp-16321,../cifs_all/mp_16321.cif,-0.817313227
mp-1210414,../cifs_all/mp_1210414.cif,-1.622956117
mp-1173950,../cifs_all/mp_1173950.cif,-1.97466718
mp-1345055,../cifs_all/mp_1345055.cif,-1.856527274
mp-2230641,../cifs_all/mp_2230641.cif,-1.325576983
mp-13971,../cifs_all/mp_13971.cif,-3.376551367
mp-1033059,../cifs_all/mp_1033059.cif,-2.552040619
mp-772980,../cifs_all/mp_772980.cif,-1.946586233
mp-1207810,../cifs_all/mp_1207810.cif,-0.48269296
mp-1202436,../cifs_all/mp_1202436.cif,-0.512044349
mp-1283531,../cifs_all/mp_1283531.cif,-2.470189243
mp-1185690,../cifs_all/mp_1185690.cif,-0.047723282
mp-667324,../cifs_all/mp_667324.cif,-1.065011909
mp-1245160,../cifs_all/mp_1245160.cif,-1.805477835
mp-1232360,../cifs_all/mp_1232360.cif,-1.650955892
mp-1222258,../cifs_all/mp_1222258.cif,-0.546629884
mp-1203220,../cifs_all/mp_1203220.cif,-1.504941201
mp-1518378,../cifs_all/mp_1518378.cif,-2.2361698
mp-559296,../cifs_all/mp_559296.cif,-0.894507094
mp-1237207,../cifs_all/mp_1237207.cif,-1.585172228
mp-1210006,../cifs_all/mp_1210006.cif,-4.039499501
mp-1756,../cifs_all/mp_1756.cif,-0.526870689
mp-1200155,../cifs_all/mp_1200155.cif,-1.282729427
mp-33234,../cifs_all/mp_33234.cif,0.062832822
mp-1204595,../cifs_all/mp_1204595.cif,-3.243118321
mp-13560,../cifs_all/mp_13560.cif,-0.398123222
mp-1180307,../cifs_all/mp_1180307.cif,0.398945284374999
mp-1174730,../cifs_all/mp_1174730.cif,-1.809400983
mp-1213089,../cifs_all/mp_1213089.cif,-2.682143525
mp-689929,../cifs_all/mp_689929.cif,-2.497222284
mp-1027955,../cifs_all/mp_1027955.cif,0.01748782
mp-1204064,../cifs_all/mp_1204064.cif,-1.652477564
mp-1185598,../cifs_all/mp_1185598.cif,-0.882905477
mp-1192181,../cifs_all/mp_1192181.cif,0.9359514004545452
mp-7025,../cifs_all/mp_7025.cif,-0.674949045
mp-1080748,../cifs_all/mp_1080748.cif,0.6778327227777731
mp-1187986,../cifs_all/mp_1187986.cif,-0.023244478
mp-2229367,../cifs_all/mp_2229367.cif,-0.952911232
mp-1226080,../cifs_all/mp_1226080.cif,-0.72906875
mp-2230794,../cifs_all/mp_2230794.cif,-2.123123799
mp-2219394,../cifs_all/mp_2219394.cif,-1.897692474
mp-1096498,../cifs_all/mp_1096498.cif,1.172148725905172
mp-1209290,../cifs_all/mp_1209290.cif,-2.506691763
mp-1201741,../cifs_all/mp_1201741.cif,-1.458103593
mp-29688,../cifs_all/mp_29688.cif,-0.911488306
mp-849754,../cifs_all/mp_849754.cif,-2.414907591
mp-1233950,../cifs_all/mp_1233950.cif,-2.676877552
mp-20432,../cifs_all/mp_20432.cif,-0.034206818
mp-2716157,../cifs_all/mp_2716157.cif,-2.355412781
mp-1094918,../cifs_all/mp_1094918.cif,0.023524685
mp-781013,../cifs_all/mp_781013.cif,-2.531050579
mp-1216388,../cifs_all/mp_1216388.cif,-0.384335263
mp-2226968,../cifs_all/mp_2226968.cif,-2.615752765
mp-1209997,../cifs_all/mp_1209997.cif,-0.025295666
mp-2713884,../cifs_all/mp_2713884.cif,-2.457742963
mp-669923,../cifs_all/mp_669923.cif,-0.03740082
mp-21231,../cifs_all/mp_21231.cif,0.0855724
mp-1352191,../cifs_all/mp_1352191.cif,-1.884572654
mp-720571,../cifs_all/mp_720571.cif,-1.566411666
mp-1199180,../cifs_all/mp_1199180.cif,-1.351471146
mp-631330,../cifs_all/mp_631330.cif,0.566982471
mp-1217424,../cifs_all/mp_1217424.cif,0.049651774
mp-40066,../cifs_all/mp_40066.cif,-2.69769868
mp-1182749,../cifs_all/mp_1182749.cif,-0.378857835
mp-553975,../cifs_all/mp_553975.cif,-1.625013811
mp-768280,../cifs_all/mp_768280.cif,-3.275193956
mp-1201985,../cifs_all/mp_1201985.cif,-0.442866519
mp-975868,../cifs_all/mp_975868.cif,-0.07757908
mp-1077278,../cifs_all/mp_1077278.cif,0.004704732
mp-754099,../cifs_all/mp_754099.cif,-2.309071881
mp-631562,../cifs_all/mp_631562.cif,0.901577752
mp-2553,../cifs_all/mp_2553.cif,-0.170745117
mp-1185191,../cifs_all/mp_1185191.cif,0.203587223
mp-9867,../cifs_all/mp_9867.cif,-0.435189524
mp-685308,../cifs_all/mp_685308.cif,-2.001989659
mp-1009767,../cifs_all/mp_1009767.cif,1.544426379166667
mp-19282,../cifs_all/mp_19282.cif,-2.663847809
mp-31276,../cifs_all/mp_31276.cif,-0.836658553
mp-1192338,../cifs_all/mp_1192338.cif,-3.289502165
mp-1219427,../cifs_all/mp_1219427.cif,-2.588530345
mp-998980,../cifs_all/mp_998980.cif,-0.574893556
mp-2219314,../cifs_all/mp_2219314.cif,-1.787370603
mp-27463,../cifs_all/mp_27463.cif,-2.807670561
mp-1078727,../cifs_all/mp_1078727.cif,-2.127008411
mp-561249,../cifs_all/mp_561249.cif,-3.003902968
mp-1216641,../cifs_all/mp_1216641.cif,-0.551326403
mp-5986,../cifs_all/mp_5986.cif,-3.490321404
mp-721059,../cifs_all/mp_721059.cif,-0.480012156
mp-754904,../cifs_all/mp_754904.cif,-2.466803747
mp-763985,../cifs_all/mp_763985.cif,-2.878952498
mp-1522623,../cifs_all/mp_1522623.cif,-0.852337712
mp-1042867,../cifs_all/mp_1042867.cif,-2.001801235
mp-1181901,../cifs_all/mp_1181901.cif,0.203566705
mp-850280,../cifs_all/mp_850280.cif,-1.630428348
mp-1214492,../cifs_all/mp_1214492.cif,-3.50500439
mp-22810,../cifs_all/mp_22810.cif,-0.068175525
mp-684921,../cifs_all/mp_684921.cif,-3.220490091
mp-14260,../cifs_all/mp_14260.cif,-2.304116618
mp-1220998,../cifs_all/mp_1220998.cif,-0.932362564
mp-1225905,../cifs_all/mp_1225905.cif,-1.186002557
mp-11558,../cifs_all/mp_11558.cif,-0.260590049
mp-1228209,../cifs_all/mp_1228209.cif,-2.900787349
mp-1218385,../cifs_all/mp_1218385.cif,-1.667595465
mp-1041027,../cifs_all/mp_1041027.cif,-2.359908053
mp-1225181,../cifs_all/mp_1225181.cif,-3.042663057
mp-1016058,../cifs_all/mp_1016058.cif,-0.138923784
mp-730487,../cifs_all/mp_730487.cif,-0.874661668
mp-754777,../cifs_all/mp_754777.cif,-2.991584209
mp-1097310,../cifs_all/mp_1097310.cif,3.142710381767241
mp-1188842,../cifs_all/mp_1188842.cif,-0.333664652
mp-2232180,../cifs_all/mp_2232180.cif,-2.355060823
mp-677080,../cifs_all/mp_677080.cif,-3.286606347
mp-1233969,../cifs_all/mp_1233969.cif,-3.139746992
mp-1221114,../cifs_all/mp_1221114.cif,-3.353007685
mp-866176,../cifs_all/mp_866176.cif,-0.512904951
mp-777529,../cifs_all/mp_777529.cif,-3.113634101
mp-881807,../cifs_all/mp_881807.cif,-2.198018819
mp-1043213,../cifs_all/mp_1043213.cif,-2.354714586
mp-1229161,../cifs_all/mp_1229161.cif,-1.81486474
mp-1021511,../cifs_all/mp_1021511.cif,-0.524289781
mp-1234381,../cifs_all/mp_1234381.cif,-3.566752816
mp-4510,../cifs_all/mp_4510.cif,-0.964084314
mp-1096281,../cifs_all/mp_1096281.cif,0.8332092427083281
mp-676278,../cifs_all/mp_676278.cif,-3.302073474
mp-1078188,../cifs_all/mp_1078188.cif,-1.736222353
mp-1096188,../cifs_all/mp_1096188.cif,3.978977168925595
mp-1222276,../cifs_all/mp_1222276.cif,-1.876582837
mp-563032,../cifs_all/mp_563032.cif,-1.007253885
mp-19009,../cifs_all/mp_19009.cif,-1.2180853
mp-1366002,../cifs_all/mp_1366002.cif,-2.581042717
mp-728138,../cifs_all/mp_728138.cif,-0.921819403
mp-1186731,../cifs_all/mp_1186731.cif,-0.201845757
mp-1201579,../cifs_all/mp_1201579.cif,-1.809277596
mp-559043,../cifs_all/mp_559043.cif,-1.588957185
mp-774297,../cifs_all/mp_774297.cif,-2.636041077
mp-1186914,../cifs_all/mp_1186914.cif,0.8932177235416661
mp-1195159,../cifs_all/mp_1195159.cif,-3.740112496
mp-1247457,../cifs_all/mp_1247457.cif,-0.958451747
mp-583800,../cifs_all/mp_583800.cif,-0.069023287
mp-1221078,../cifs_all/mp_1221078.cif,-2.332600859
mp-1207201,../cifs_all/mp_1207201.cif,-0.146893616
mp-771042,../cifs_all/mp_771042.cif,-2.281966808
mp-766515,../cifs_all/mp_766515.cif,-1.314313119
mp-2223638,../cifs_all/mp_2223638.cif,-2.308755216
mp-780293,../cifs_all/mp_780293.cif,-2.992279763
mp-2232660,../cifs_all/mp_2232660.cif,-1.666556856
mp-753201,../cifs_all/mp_753201.cif,-2.42419199
mp-3217252,../cifs_all/mp_3217252.cif,-0.829168453
mp-557823,../cifs_all/mp_557823.cif,-1.425309261
mp-3768,../cifs_all/mp_3768.cif,-0.777717763
mp-753925,../cifs_all/mp_753925.cif,-2.885376982
mp-1183770,../cifs_all/mp_1183770.cif,-0.639518088
mp-1201218,../cifs_all/mp_1201218.cif,-1.52506064
mp-753350,../cifs_all/mp_753350.cif,-2.222209581
mp-2713064,../cifs_all/mp_2713064.cif,-2.969162207
mp-1101992,../cifs_all/mp_1101992.cif,0.110670106
mp-2230363,../cifs_all/mp_2230363.cif,-1.853803593
mp-2715219,../cifs_all/mp_2715219.cif,-2.772350634
mp-546027,../cifs_all/mp_546027.cif,-1.989452451
mp-1177277,../cifs_all/mp_1177277.cif,-2.242974695
mp-1226855,../cifs_all/mp_1226855.cif,-0.773437025
mp-1026640,../cifs_all/mp_1026640.cif,0.17668988140625
mp-2714078,../cifs_all/mp_2714078.cif,-2.441772556
mp-1194965,../cifs_all/mp_1194965.cif,-2.542340859
mp-758988,../cifs_all/mp_758988.cif,-2.525188544
mp-2713941,../cifs_all/mp_2713941.cif,-2.398613764
mp-758504,../cifs_all/mp_758504.cif,-1.977526365
mp-775915,../cifs_all/mp_775915.cif,-2.581023072
mp-1097146,../cifs_all/mp_1097146.cif,3.861691982883616
mp-1205024,../cifs_all/mp_1205024.cif,-1.89646756
mp-777680,../cifs_all/mp_777680.cif,-3.154316484
mp-1327705,../cifs_all/mp_1327705.cif,-2.586677785
mp-1186535,../cifs_all/mp_1186535.cif,-0.560228806
mp-1112994,../cifs_all/mp_1112994.cif,-1.577567931
mp-1101371,../cifs_all/mp_1101371.cif,-3.953322615
mp-2224215,../cifs_all/mp_2224215.cif,-0.74415401
mp-1202597,../cifs_all/mp_1202597.cif,-1.45464912
mp-1176153,../cifs_all/mp_1176153.cif,-1.783630445
mp-1184567,../cifs_all/mp_1184567.cif,-0.860099616
mp-2512,../cifs_all/mp_2512.cif,-0.269940265
mp-1191383,../cifs_all/mp_1191383.cif,-0.418526161
mp-1213059,../cifs_all/mp_1213059.cif,-2.283422742
mp-21856,../cifs_all/mp_21856.cif,-2.129220831
mp-1248937,../cifs_all/mp_1248937.cif,-1.777232792
mp-2226161,../cifs_all/mp_2226161.cif,-1.226287415
mp-1177536,../cifs_all/mp_1177536.cif,-1.640244212
mp-754849,../cifs_all/mp_754849.cif,-2.802722461
mp-22679,../cifs_all/mp_22679.cif,-0.130072465
mp-1198531,../cifs_all/mp_1198531.cif,-0.746055752
mp-1218118,../cifs_all/mp_1218118.cif,-2.866290097
mp-772272,../cifs_all/mp_772272.cif,-1.804721837
mp-1195073,../cifs_all/mp_1195073.cif,-3.105306263
mp-1225496,../cifs_all/mp_1225496.cif,-1.143029857
mp-1392336,../cifs_all/mp_1392336.cif,-3.09812853
mp-626605,../cifs_all/mp_626605.cif,-2.018525343
mp-1031499,../cifs_all/mp_1031499.cif,-2.580691502
mp-7889,../cifs_all/mp_7889.cif,-2.989033672
mp-2210754,../cifs_all/mp_2210754.cif,-1.374158557
mp-1079374,../cifs_all/mp_1079374.cif,-1.606373794
mp-865377,../cifs_all/mp_865377.cif,-0.667704207
mp-757610,../cifs_all/mp_757610.cif,-2.356339738
mp-1210254,../cifs_all/mp_1210254.cif,-0.617328626
mp-758402,../cifs_all/mp_758402.cif,-3.21547477
mp-2661453,../cifs_all/mp_2661453.cif,-0.523154923
mp-726074,../cifs_all/mp_726074.cif,-2.103630415
mp-1522326,../cifs_all/mp_1522326.cif,-1.09041291
mp-759891,../cifs_all/mp_759891.cif,-2.401743296
mp-758004,../cifs_all/mp_758004.cif,-2.963487973
mp-1203348,../cifs_all/mp_1203348.cif,-2.469107066
mp-12073,../cifs_all/mp_12073.cif,-0.500004586
mp-1193657,../cifs_all/mp_1193657.cif,-0.705438495
mp-1217829,../cifs_all/mp_1217829.cif,-1.273941237
mp-1181218,../cifs_all/mp_1181218.cif,-2.681000551
mp-1211700,../cifs_all/mp_1211700.cif,-2.800512293
mp-1219296,../cifs_all/mp_1219296.cif,-0.521974198
mp-1206778,../cifs_all/mp_1206778.cif,-1.055389293
mp-1095848,../cifs_all/mp_1095848.cif,2.5562617199999997
mp-690581,../cifs_all/mp_690581.cif,-2.101306844
mp-1247550,../cifs_all/mp_1247550.cif,-0.13044292
mp-997571,../cifs_all/mp_997571.cif,-0.393379084
mp-769265,../cifs_all/mp_769265.cif,-1.859936077
mp-757395,../cifs_all/mp_757395.cif,-1.723001989
mp-13620,../cifs_all/mp_13620.cif,-0.644462975
mp-1147781,../cifs_all/mp_1147781.cif,-2.505776736
mp-560582,../cifs_all/mp_560582.cif,-1.947974125
mp-1235464,../cifs_all/mp_1235464.cif,-2.023947173
mp-2230677,../cifs_all/mp_2230677.cif,-2.446853095
mp-1218040,../cifs_all/mp_1218040.cif,-3.618359108
mp-1094796,../cifs_all/mp_1094796.cif,0.001264638
mp-1199102,../cifs_all/mp_1199102.cif,-1.527309683
mp-1246383,../cifs_all/mp_1246383.cif,0.19494214611111
mp-1183723,../cifs_all/mp_1183723.cif,0.757945975
mp-1223061,../cifs_all/mp_1223061.cif,-1.680579554
mp-2229496,../cifs_all/mp_2229496.cif,-3.507612181
mp-1521608,../cifs_all/mp_1521608.cif,-1.653484658
mp-2715524,../cifs_all/mp_2715524.cif,-2.880341553
mp-760294,../cifs_all/mp_760294.cif,-3.06066823
mp-560571,../cifs_all/mp_560571.cif,-1.32343407
mp-1185735,../cifs_all/mp_1185735.cif,-0.031351741
mp-4368,../cifs_all/mp_4368.cif,-0.443803751
mp-1215649,../cifs_all/mp_1215649.cif,0.071132065
mp-1223824,../cifs_all/mp_1223824.cif,-0.565237063
mp-30278,../cifs_all/mp_30278.cif,-1.05752581
mp-19381,../cifs_all/mp_19381.cif,-3.220740385
mp-766447,../cifs_all/mp_766447.cif,-0.628290936
mp-1196029,../cifs_all/mp_1196029.cif,-2.231555856
mp-2219153,../cifs_all/mp_2219153.cif,-1.908581203
mp-21074,../cifs_all/mp_21074.cif,-1.886074828
mp-2226510,../cifs_all/mp_2226510.cif,-1.84854505
mp-684676,../cifs_all/mp_684676.cif,-1.100135145
mp-976447,../cifs_all/mp_976447.cif,-1.719106891
mp-1043129,../cifs_all/mp_1043129.cif,-1.250058051
mp-1078739,../cifs_all/mp_1078739.cif,-0.697442115
mp-757988,../cifs_all/mp_757988.cif,-2.689888897
mp-2228449,../cifs_all/mp_2228449.cif,-1.724306103
mp-1228184,../cifs_all/mp_1228184.cif,-2.181808916
mp-20590,../cifs_all/mp_20590.cif,-0.258075917
mp-1235990,../cifs_all/mp_1235990.cif,-1.336437858
mp-631274,../cifs_all/mp_631274.cif,0.704397533
mp-6250,../cifs_all/mp_6250.cif,-3.296926821
mp-9767,../cifs_all/mp_9767.cif,-0.819017124
mp-625318,../cifs_all/mp_625318.cif,-2.025857349
mp-21576,../cifs_all/mp_21576.cif,-0.962075186
mp-1193616,../cifs_all/mp_1193616.cif,-0.412175919
mp-1064272,../cifs_all/mp_1064272.cif,0.7989907459375001
mp-1069811,../cifs_all/mp_1069811.cif,-0.508322969
mp-1079292,../cifs_all/mp_1079292.cif,-0.991779399
mp-1209674,../cifs_all/mp_1209674.cif,-2.213851417
mp-1228448,../cifs_all/mp_1228448.cif,-3.183729795
mp-1209425,../cifs_all/mp_1209425.cif,-0.498362566
mp-1114000,../cifs_all/mp_1114000.cif,-2.258796113
mp-568440,../cifs_all/mp_568440.cif,-0.469968769
mp-567729,../cifs_all/mp_567729.cif,-1.447920902
mp-773039,../cifs_all/mp_773039.cif,-3.017936584
mp-1079477,../cifs_all/mp_1079477.cif,-2.675585396
mp-1216097,../cifs_all/mp_1216097.cif,-2.30735584
mp-972395,../cifs_all/mp_972395.cif,-2.884760724
mp-1228251,../cifs_all/mp_1228251.cif,-3.012676368
mp-754369,../cifs_all/mp_754369.cif,-1.758755816
mp-1037203,../cifs_all/mp_1037203.cif,-2.94213908
mp-864888,../cifs_all/mp_864888.cif,-0.028991751
mp-1226228,../cifs_all/mp_1226228.cif,-0.426475029
mp-735568,../cifs_all/mp_735568.cif,-1.805470126
mp-571184,../cifs_all/mp_571184.cif,-0.962144049
mp-649186,../cifs_all/mp_649186.cif,-0.696660414
mp-1206080,../cifs_all/mp_1206080.cif,-0.367757906
mp-777999,../cifs_all/mp_777999.cif,-2.854150429
mp-551685,../cifs_all/mp_551685.cif,-0.623664132
mp-769612,../cifs_all/mp_769612.cif,-2.544104279
mp-532524,../cifs_all/mp_532524.cif,-2.492965067
mp-1218955,../cifs_all/mp_1218955.cif,-0.138663823
mp-643577,../cifs_all/mp_643577.cif,-2.120971136
mp-976724,../cifs_all/mp_976724.cif,-0.350300504
mp-1408708,../cifs_all/mp_1408708.cif,-2.179955638
mp-1217098,../cifs_all/mp_1217098.cif,-0.080179795
mp-2714117,../cifs_all/mp_2714117.cif,-2.063869999
mp-1208927,../cifs_all/mp_1208927.cif,-3.62009964
mp-1205774,../cifs_all/mp_1205774.cif,-2.739566618
mp-1213287,../cifs_all/mp_1213287.cif,-0.92134193
mp-774642,../cifs_all/mp_774642.cif,-2.300187564
mp-1208527,../cifs_all/mp_1208527.cif,-3.238629021
mp-559607,../cifs_all/mp_559607.cif,-2.782707665
mp-28457,../cifs_all/mp_28457.cif,-3.20763455
mp-756056,../cifs_all/mp_756056.cif,-2.242366277
mp-1103088,../cifs_all/mp_1103088.cif,-0.472297929
mp-1174514,../cifs_all/mp_1174514.cif,-1.883199197
mp-1218883,../cifs_all/mp_1218883.cif,-2.42792204
mp-2713951,../cifs_all/mp_2713951.cif,-2.467243481
mp-1105528,../cifs_all/mp_1105528.cif,-3.202887665
mp-1209107,../cifs_all/mp_1209107.cif,-3.285580647
mp-1313679,../cifs_all/mp_1313679.cif,-2.430665049
mp-1568351,../cifs_all/mp_1568351.cif,-2.635625486
mp-1520978,../cifs_all/mp_1520978.cif,-2.049051864
mp-1095040,../cifs_all/mp_1095040.cif,-0.322385229
mp-1208232,../cifs_all/mp_1208232.cif,-0.521114814
mp-1076079,../cifs_all/mp_1076079.cif,-2.236814644
mp-1194811,../cifs_all/mp_1194811.cif,-1.966401347
mp-5996,../cifs_all/mp_5996.cif,-3.160490493
mp-867624,../cifs_all/mp_867624.cif,-1.427416681
mp-604120,../cifs_all/mp_604120.cif,-1.419425583
mp-1223370,../cifs_all/mp_1223370.cif,-1.696065235
mp-6217,../cifs_all/mp_6217.cif,-3.472035605
mp-19465,../cifs_all/mp_19465.cif,-2.873404687
mp-1185101,../cifs_all/mp_1185101.cif,-0.335831156
mp-1043642,../cifs_all/mp_1043642.cif,-2.930605216
mp-2716367,../cifs_all/mp_2716367.cif,-2.245441109
mp-2231422,../cifs_all/mp_2231422.cif,-2.099753502
mp-675562,../cifs_all/mp_675562.cif,-3.900029404
mp-1219367,../cifs_all/mp_1219367.cif,-0.312635293
mp-1517280,../cifs_all/mp_1517280.cif,-2.798528335
mp-29861,../cifs_all/mp_29861.cif,-1.233574753
mp-1394331,../cifs_all/mp_1394331.cif,-2.624488431
mp-1221713,../cifs_all/mp_1221713.cif,-0.351919912
mp-772819,../cifs_all/mp_772819.cif,-2.132872829
mp-1182875,../cifs_all/mp_1182875.cif,-1.930959459
mp-554649,../cifs_all/mp_554649.cif,-2.621251543
mp-1042107,../cifs_all/mp_1042107.cif,-2.302265465
mp-1197569,../cifs_all/mp_1197569.cif,-0.261545123
mp-23044,../cifs_all/mp_23044.cif,-2.154109185
mp-1246226,../cifs_all/mp_1246226.cif,-0.213088424
mp-531572,../cifs_all/mp_531572.cif,-2.653600156
mp-1209032,../cifs_all/mp_1209032.cif,-1.791968118
mp-20925,../cifs_all/mp_20925.cif,0.130957252
mp-1106282,../cifs_all/mp_1106282.cif,-0.628410046
mp-776285,../cifs_all/mp_776285.cif,-2.429644498
mp-1110845,../cifs_all/mp_1110845.cif,-2.828718994
mp-1238832,../cifs_all/mp_1238832.cif,-0.791988389
mp-1207875,../cifs_all/mp_1207875.cif,-2.637743303
mp-2220202,../cifs_all/mp_2220202.cif,-2.065270843
mp-1189194,../cifs_all/mp_1189194.cif,-2.815279955
mp-628185,../cifs_all/mp_628185.cif,-1.019696193
mp-1174860,../cifs_all/mp_1174860.cif,-1.824902453
mp-849222,../cifs_all/mp_849222.cif,-0.942889011
mp-20817,../cifs_all/mp_20817.cif,-0.708422574
mp-976030,../cifs_all/mp_976030.cif,-0.071360189
mp-1220546,../cifs_all/mp_1220546.cif,-0.062934547
mp-756075,../cifs_all/mp_756075.cif,-1.728832004
mp-541932,../cifs_all/mp_541932.cif,-1.154734866
mp-761512,../cifs_all/mp_761512.cif,-1.009812917
mp-764142,../cifs_all/mp_764142.cif,-2.298915189
mp-676339,../cifs_all/mp_676339.cif,-3.206231359
mp-769047,../cifs_all/mp_769047.cif,-1.798298649
mp-1105323,../cifs_all/mp_1105323.cif,-3.439786591
mp-31271,../cifs_all/mp_31271.cif,-1.724141092
mp-570084,../cifs_all/mp_570084.cif,-0.456689332
mp-1213124,../cifs_all/mp_1213124.cif,0.269485128
mp-644129,../cifs_all/mp_644129.cif,-2.009573537
mp-2761491,../cifs_all/mp_2761491.cif,-2.684082285
mp-972978,../cifs_all/mp_972978.cif,-2.525851478
mp-1187159,../cifs_all/mp_1187159.cif,0.722541433
mp-541975,../cifs_all/mp_541975.cif,-1.203800506
mp-1227112,../cifs_all/mp_1227112.cif,-1.147758531
mp-23076,../cifs_all/mp_23076.cif,-1.764874908
mp-21751,../cifs_all/mp_21751.cif,-0.585299783
mp-599,../cifs_all/mp_599.cif,-0.464931765
mp-1174770,../cifs_all/mp_1174770.cif,-2.044414309
mp-1200211,../cifs_all/mp_1200211.cif,-0.437810845
mp-9307,../cifs_all/mp_9307.cif,-0.567185528
mp-1213505,../cifs_all/mp_1213505.cif,-2.312847673
mp-1235320,../cifs_all/mp_1235320.cif,-2.360773857
mp-18220,../cifs_all/mp_18220.cif,-3.210481966
mp-1210994,../cifs_all/mp_1210994.cif,-2.213441796
mp-1092268,../cifs_all/mp_1092268.cif,-0.233309686
mp-1304239,../cifs_all/mp_1304239.cif,-2.046634431
mp-542769,../cifs_all/mp_542769.cif,-1.57747801
mp-676864,../cifs_all/mp_676864.cif,-1.5659683
mp-2043976,../cifs_all/mp_2043976.cif,-0.816336787
mp-1210974,../cifs_all/mp_1210974.cif,-0.375691227
mp-1227629,../cifs_all/mp_1227629.cif,-2.787239887
mp-774294,../cifs_all/mp_774294.cif,-2.217751449
mp-2220006,../cifs_all/mp_2220006.cif,-1.884716313
mp-1173684,../cifs_all/mp_1173684.cif,-0.779679552
mp-1223145,../cifs_all/mp_1223145.cif,-2.829730734
mp-26416,../cifs_all/mp_26416.cif,-2.47933917
mp-1222862,../cifs_all/mp_1222862.cif,-0.270615501
mp-1206655,../cifs_all/mp_1206655.cif,-1.203109705
mp-759405,../cifs_all/mp_759405.cif,-2.447735306
mp-1217869,../cifs_all/mp_1217869.cif,-0.068677405
mp-2232902,../cifs_all/mp_2232902.cif,-1.261647626
mp-1245128,../cifs_all/mp_1245128.cif,-2.692755621
mp-22383,../cifs_all/mp_22383.cif,-0.656872174
mp-6989,../cifs_all/mp_6989.cif,-2.318079119
mp-863393,../cifs_all/mp_863393.cif,-2.527399328
mp-861926,../cifs_all/mp_861926.cif,-1.756837861
mp-1245582,../cifs_all/mp_1245582.cif,0.053774481
mp-1209645,../cifs_all/mp_1209645.cif,-3.3655461
mp-770765,../cifs_all/mp_770765.cif,-2.187534428
mp-1186178,../cifs_all/mp_1186178.cif,0.307666223
mp-767134,../cifs_all/mp_767134.cif,-2.335252325
mp-1093954,../cifs_all/mp_1093954.cif,1.595966
mp-1111253,../cifs_all/mp_1111253.cif,-2.776269224
mp-1197229,../cifs_all/mp_1197229.cif,-0.284706573
mp-1223937,../cifs_all/mp_1223937.cif,-0.489763802
mp-1225413,../cifs_all/mp_1225413.cif,-0.034471486
mp-1041947,../cifs_all/mp_1041947.cif,-1.709599057
mp-753348,../cifs_all/mp_753348.cif,-1.419559434
mp-1187860,../cifs_all/mp_1187860.cif,-0.054424792
mp-1642451,../cifs_all/mp_1642451.cif,-2.427889249
mp-1184783,../cifs_all/mp_1184783.cif,0.5234618366406131
mp-1041774,../cifs_all/mp_1041774.cif,-1.628011626
mp-849311,../cifs_all/mp_849311.cif,-2.650683592
mp-752549,../cifs_all/mp_752549.cif,-2.125241083
mp-1175725,../cifs_all/mp_1175725.cif,-1.835504936
mp-1196150,../cifs_all/mp_1196150.cif,-1.417157074
mp-1858,../cifs_all/mp_1858.cif,-4.003427115
mp-653561,../cifs_all/mp_653561.cif,-0.700754509
mp-1210002,../cifs_all/mp_1210002.cif,-1.007745682
mp-1183778,../cifs_all/mp_1183778.cif,0.17300838
mp-2715277,../cifs_all/mp_2715277.cif,-2.942802351
mp-1095443,../cifs_all/mp_1095443.cif,-0.255059268
mp-1201595,../cifs_all/mp_1201595.cif,-0.518172274
mp-1201960,../cifs_all/mp_1201960.cif,-0.392448305
mp-29983,../cifs_all/mp_29983.cif,-1.962108516
mp-885334,../cifs_all/mp_885334.cif,-2.543141327
mp-18922,../cifs_all/mp_18922.cif,-1.956560843
mp-1235788,../cifs_all/mp_1235788.cif,-1.232925851
mp-1192010,../cifs_all/mp_1192010.cif,-0.543912553
mp-1183287,../cifs_all/mp_1183287.cif,-1.464683951
mp-1232038,../cifs_all/mp_1232038.cif,-0.607516157
mp-2712629,../cifs_all/mp_2712629.cif,-2.161481993
mp-1041988,../cifs_all/mp_1041988.cif,-0.81862063
mp-1178343,../cifs_all/mp_1178343.cif,-1.956852432
mp-24053,../cifs_all/mp_24053.cif,-0.700695932
mp-1096196,../cifs_all/mp_1096196.cif,4.029304295416672
mp-1096903,../cifs_all/mp_1096903.cif,-0.113066352
mp-989632,../cifs_all/mp_989632.cif,-0.591896226
mp-1520467,../cifs_all/mp_1520467.cif,-1.877078154
mp-753501,../cifs_all/mp_753501.cif,-2.682418192
mp-778386,../cifs_all/mp_778386.cif,-2.175273705
mp-1197434,../cifs_all/mp_1197434.cif,-0.334859415
mp-2765485,../cifs_all/mp_2765485.cif,-1.941867746
mp-558221,../cifs_all/mp_558221.cif,-2.403979877
mp-1519430,../cifs_all/mp_1519430.cif,-3.413686514
mp-9113,../cifs_all/mp_9113.cif,-2.292041239
mp-1035991,../cifs_all/mp_1035991.cif,-2.890993765
mp-1237,../cifs_all/mp_1237.cif,-0.396248123
mp-1029711,../cifs_all/mp_1029711.cif,-0.819718646
mp-759134,../cifs_all/mp_759134.cif,-2.239248442
mp-26013,../cifs_all/mp_26013.cif,-2.505421325
mp-5273,../cifs_all/mp_5273.cif,-1.684160614
mp-17194,../cifs_all/mp_17194.cif,-2.386358747
mp-1179777,../cifs_all/mp_1179777.cif,-2.766136504
mp-1516884,../cifs_all/mp_1516884.cif,-3.454376709
mp-1210115,../cifs_all/mp_1210115.cif,-3.020019667
mp-1342613,../cifs_all/mp_1342613.cif,2.960876075559531
mp-556880,../cifs_all/mp_556880.cif,-3.121236587
mp-1065846,../cifs_all/mp_1065846.cif,-1.270171235
mp-1221648,../cifs_all/mp_1221648.cif,-1.435801359
mp-1209235,../cifs_all/mp_1209235.cif,-4.11623289
mp-757710,../cifs_all/mp_757710.cif,-2.688187284
mp-1028237,../cifs_all/mp_1028237.cif,0.055016563663793
mp-559908,../cifs_all/mp_559908.cif,-3.23724666
mp-1176626,../cifs_all/mp_1176626.cif,-2.883610264
mp-754432,../cifs_all/mp_754432.cif,-1.319902783
mp-1518455,../cifs_all/mp_1518455.cif,-2.83185872
mp-22536,../cifs_all/mp_22536.cif,-1.908874974
mp-1235554,../cifs_all/mp_1235554.cif,-2.239383691
mp-1522242,../cifs_all/mp_1522242.cif,-3.231998538
mp-1175735,../cifs_all/mp_1175735.cif,-1.725057999
mp-651582,../cifs_all/mp_651582.cif,-0.492413664
mp-1174102,../cifs_all/mp_1174102.cif,-1.942808051
mp-11507,../cifs_all/mp_11507.cif,-0.034752562
mp-28475,../cifs_all/mp_28475.cif,-1.404777213
mp-1225826,../cifs_all/mp_1225826.cif,-0.208210751
mp-557693,../cifs_all/mp_557693.cif,-2.50763577
mp-1193644,../cifs_all/mp_1193644.cif,-0.104168193
mp-3474,../cifs_all/mp_3474.cif,-2.4238558
mp-1182547,../cifs_all/mp_1182547.cif,-1.036644169
mp-1369942,../cifs_all/mp_1369942.cif,-2.589331646
mp-1217955,../cifs_all/mp_1217955.cif,-0.265600764
mp-864877,../cifs_all/mp_864877.cif,-0.403520346
mp-1186291,../cifs_all/mp_1186291.cif,0.028703814375003
mp-677093,../cifs_all/mp_677093.cif,-0.832997405
mp-1212196,../cifs_all/mp_1212196.cif,-2.544269318
mp-779287,../cifs_all/mp_779287.cif,-3.009393516
mp-1221557,../cifs_all/mp_1221557.cif,-1.016192888
mp-726874,../cifs_all/mp_726874.cif,-0.606918752
mp-1246851,../cifs_all/mp_1246851.cif,-0.903212563
mp-1209852,../cifs_all/mp_1209852.cif,-0.887751565
mp-760762,../cifs_all/mp_760762.cif,-3.292822407
mp-997570,../cifs_all/mp_997570.cif,-0.393609722
mp-1210927,../cifs_all/mp_1210927.cif,-2.103628945
mp-1181012,../cifs_all/mp_1181012.cif,-1.018776121
mp-1177146,../cifs_all/mp_1177146.cif,-2.605971679
mp-559914,../cifs_all/mp_559914.cif,-1.844305684
mp-555996,../cifs_all/mp_555996.cif,-1.032313283
mp-3706,../cifs_all/mp_3706.cif,-0.790312486
mp-23808,../cifs_all/mp_23808.cif,-2.874520034
mp-753563,../cifs_all/mp_753563.cif,-1.052581919
mp-2227616,../cifs_all/mp_2227616.cif,-1.667507374
mp-1216656,../cifs_all/mp_1216656.cif,-0.124148666
mp-623024,../cifs_all/mp_623024.cif,-3.277109955
mp-999139,../cifs_all/mp_999139.cif,-1.003827781
mp-559106,../cifs_all/mp_559106.cif,-1.84475785
mp-1103734,../cifs_all/mp_1103734.cif,-0.583158443
mp-1227034,../cifs_all/mp_1227034.cif,-3.111526387
mp-553903,../cifs_all/mp_553903.cif,-1.654022358
mp-1188109,../cifs_all/mp_1188109.cif,-0.425337505
mp-569894,../cifs_all/mp_569894.cif,-1.737931923
mp-1077399,../cifs_all/mp_1077399.cif,-0.15837656
mp-15297,../cifs_all/mp_15297.cif,-0.536718474
mp-1214053,../cifs_all/mp_1214053.cif,0.128384776
mp-1019533,../cifs_all/mp_1019533.cif,-3.444188032
mp-2715194,../cifs_all/mp_2715194.cif,-2.440114104
mp-1181805,../cifs_all/mp_1181805.cif,-0.83664165
mp-775258,../cifs_all/mp_775258.cif,-2.372890819
mp-2713867,../cifs_all/mp_2713867.cif,-2.750491574
mp-850399,../cifs_all/mp_850399.cif,-2.414540706
mp-1028263,../cifs_all/mp_1028263.cif,0.14059292921875
mp-1188835,../cifs_all/mp_1188835.cif,-2.428053601
mp-1224852,../cifs_all/mp_1224852.cif,-0.46039346
mp-22780,../cifs_all/mp_22780.cif,-0.36466236
mp-1111729,../cifs_all/mp_1111729.cif,-1.43700713
mp-763819,../cifs_all/mp_763819.cif,-2.800421232
mp-2713202,../cifs_all/mp_2713202.cif,-2.803527068
mp-1096074,../cifs_all/mp_1096074.cif,2.526484981666666
mp-1105578,../cifs_all/mp_1105578.cif,0.568228502
mp-1221241,../cifs_all/mp_1221241.cif,-2.844099041
mp-1245209,../cifs_all/mp_1245209.cif,-1.546053199
mp-554382,../cifs_all/mp_554382.cif,-2.520177944
mp-570890,../cifs_all/mp_570890.cif,-0.723933458
mp-2242114,../cifs_all/mp_2242114.cif,-0.562925902
mp-625075,../cifs_all/mp_625075.cif,-2.477860948
mp-1220484,../cifs_all/mp_1220484.cif,-0.337507922
mp-31402,../cifs_all/mp_31402.cif,-0.835184872
mp-1073360,../cifs_all/mp_1073360.cif,0.264518512
mp-1323,../cifs_all/mp_1323.cif,-3.851997169
mp-1111407,../cifs_all/mp_1111407.cif,-2.635762935
mp-1099080,../cifs_all/mp_1099080.cif,0.15013088
mp-1213535,../cifs_all/mp_1213535.cif,0.606294874
mp-1030940,../cifs_all/mp_1030940.cif,-2.408582422
mp-1034282,../cifs_all/mp_1034282.cif,-2.684903549
mp-1185494,../cifs_all/mp_1185494.cif,0.267849432385057
mp-655353,../cifs_all/mp_655353.cif,-0.958534772
mp-766043,../cifs_all/mp_766043.cif,-2.505343876
